title,url
What isn't the flex many people think it is?,https://www.reddit.com/r/AskReddit/comments/1hmmkwk/what_isnt_the_flex_many_people_think_it_is/
What health tip forever changed your life?,https://www.reddit.com/r/AskReddit/comments/1hmjj54/what_health_tip_forever_changed_your_life/
What is your “I can’t believe other people don’t do this” hack? ,https://www.reddit.com/r/AskReddit/comments/1hmmmdf/what_is_your_i_cant_believe_other_people_dont_do/
What's stopping you from having the best body of your life?,https://www.reddit.com/r/AskReddit/comments/1hmk8xg/whats_stopping_you_from_having_the_best_body_of/
What is a clear sign that someone had a really rough childhood?,https://www.reddit.com/r/AskReddit/comments/1hmizov/what_is_a_clear_sign_that_someone_had_a_really/
What was life like pre 9/11? ,https://www.reddit.com/r/AskReddit/comments/1hmnyas/what_was_life_like_pre_911/
Would you rob a bank if you knew there was 100% guarantee you wouldn't get caught? Why?,https://www.reddit.com/r/AskReddit/comments/1hn3bw8/would_you_rob_a_bank_if_you_knew_there_was_100/
What motivates you to get out of bed every day?,https://www.reddit.com/r/AskReddit/comments/1hmspmg/what_motivates_you_to_get_out_of_bed_every_day/
What you dream of but can't afford yet?,https://www.reddit.com/r/AskReddit/comments/1hmqhfk/what_you_dream_of_but_cant_afford_yet/
What is a privilege that people take for granted?,https://www.reddit.com/r/AskReddit/comments/1hmt54n/what_is_a_privilege_that_people_take_for_granted/
What’s a show that completely betrayed the audience at the end?,https://www.reddit.com/r/AskReddit/comments/1hn3fov/whats_a_show_that_completely_betrayed_the/
What's an occupation that's been around for 1000s of years and won't go away anytime soon?  ,https://www.reddit.com/r/AskReddit/comments/1hn3h8p/whats_an_occupation_thats_been_around_for_1000s/
What's a rabbit-hole you wished you never jumped in?,https://www.reddit.com/r/AskReddit/comments/1hmqyst/whats_a_rabbithole_you_wished_you_never_jumped_in/
What is the most slept on tv show?,https://www.reddit.com/r/AskReddit/comments/1hmn8m2/what_is_the_most_slept_on_tv_show/
What's the worst Christmas bonus you've ever received?,https://www.reddit.com/r/AskReddit/comments/1hmsgk3/whats_the_worst_christmas_bonus_youve_ever/
There are a lot of toxic fanbases. But who are the coolest fanbases you know?,https://www.reddit.com/r/AskReddit/comments/1hmzjky/there_are_a_lot_of_toxic_fanbases_but_who_are_the/
How do you avoid hating life?,https://www.reddit.com/r/AskReddit/comments/1hmty7m/how_do_you_avoid_hating_life/
"If you could live in any other country for a year, all expenses covered, where would you go?",https://www.reddit.com/r/AskReddit/comments/1hmlvu4/if_you_could_live_in_any_other_country_for_a_year/
What's some brutally honest advice that everyone should know?,https://www.reddit.com/r/AskReddit/comments/1hn1w6e/whats_some_brutally_honest_advice_that_everyone/
Whats your dream job in life? ,https://www.reddit.com/r/AskReddit/comments/1hmppfp/whats_your_dream_job_in_life/
What is your funniest/stupidest misheard lyric?,https://www.reddit.com/r/AskReddit/comments/1hn339w/what_is_your_funnieststupidest_misheard_lyric/
What do you think about yourself?,https://www.reddit.com/r/AskReddit/comments/1hmpv2x/what_do_you_think_about_yourself/
"It's late, you're obviously tired and you know you need the sleep, why are you still awake?",https://www.reddit.com/r/AskReddit/comments/1hmk37q/its_late_youre_obviously_tired_and_you_know_you/
